Workbook

Sheet README
A1: DESK BACKTEST — METHODOLOGY & WORKBOOK GUIDE
A3: Purpose
A4: Quantify The Desk's calibration and edge against historical World Cup, Euro, and Copa America data. The deliverable is a calibration story we can defend — not a hit-rate brag.
A6: What gets measured
A7: • Brier score per match per time-window (lower = better calibrated). Compared against the closing market as the baseline-to-beat.
A8: • Reliability diagram: bin all (probability, outcome) pairs and check whether predicted rates match observed rates within each bin.
A9: • Pick-vs-market head-to-head: when The Desk Picked and the market disagreed, who was right?
A10: • Hit rate of Picks — sanity check only, never the headline number.
A12: Time windows per match
A13: Each match is snapshotted at four points to show how calibration evolves as kickoff approaches:
A14: T−38d · pre-tournament (fundamentals only — Elo, host venue, altitude)
A15: T−5d · weather forecast added
... A39: Scaffold delivered with five WC 2022 matches as ILLUSTRATIVE EXAMPLES (clearly marked). Real Elo / closing-market / news-feed data ingestion required before metrics can be trusted.

Sheet Match Universe
A1: match_id | B1: tournament | C1: stage | D1: kickoff_utc | E1: team_a | F1: team_b | G1: venue_city | H1: venue_country | I1: result_a | J1: result_b | K1: winner | L1: is_example
A2: wc22-a-qat-ecu-20221120 | B2: FIFA World Cup 2022 | C2: Group A | D2: 2022-11-20 16:00 | E2: Qatar | F2: Ecuador | G2: Al Khor | H2: QA | I2: 0 | J2: 2 | K2: b | L2: BACKTEST wc 2022
A3: wc22-b-eng-irn-20221121 | B3: FIFA World Cup 2022 | C3: Group B | D3: 2022-11-21 13:00 | E3: England | F3: Iran | G3: Doha | H3: QA | I3: 6 | J3: 2 | K3: a | L3: BACKTEST wc 2022
A4: wc22-a-sen-ned-20221121 | B4: FIFA World Cup 2022 | C4: Group A | D4: 2022-11-21 16:00 | E4: Senegal | F4: Netherlands | G4: Doha | H4: QA | I4: 0 | J4: 2 | K4: b | L4: BACKTEST wc 2022
A5: wc22-b-usa-wal-20221121 | B5: FIFA World Cup 2022 | C5: Group B | D5: 2022-11-21 19:00 | E5: USA | F5: Wales | G5: Al Rayyan | H5: QA | I5: 1 | J5: 1 | K5: draw | L5: BACKTEST wc 2022
A6: wc22-c-arg-sau-20221122 | B6: FIFA World Cup 2022 | C6: Group C | D6: 2022-11-22 10:00 | E6: Argentina | F6: Saudi Arabia | G6: Lusail | H6: QA | I6: 1 | J6: 2 | K6: b | L6: BACKTEST wc 2022
A7: wc22-d-den-tun-20221122 | B7: FIFA World Cup 2022 | C7: Group D | D7: 2022-11-22 13:00 | E7: Denmark | F7: Tunisia | G7: Al Rayyan | H7: QA | I7: 0 | J7: 0 | K7: draw | L7: BACKTEST wc 2022
A8: wc22-c-mex-pol-20221122 | B8: FIFA World Cup 2022 | C8: Group C | D8: 2022-11-22 16:00 | E8: Mexico | F8: Poland | G8: Doha | H8: QA | I8: 0 | J8: 0 | K8: draw | L8: BACKTEST wc 2022
A9: wc22-d-fra-aus-20221122 | B9: FIFA World Cup 2022 | C9: Group D | D9: 2022-11-22 19:00 | E9: France | F9: Australia | G9: Al Wakrah | H9: QA | I9: 4 | J9: 1 | K9: a | L9: BACKTEST wc 2022
A10: wc22-f-mar-cro-20221123 | B10: FIFA World Cup 2022 | C10: Group F | D10: 2022-11-23 10:00 | E10: Morocco | F10: Croatia | G10: Al Khor | H10: QA | I10: 0 | J10: 0 | K10: draw | L10: BACKTEST wc 2022
A11: wc22-e-ger-jpn-20221123 | B11: FIFA World Cup 2022 | C11: Group E | D11: 2022-11-23 13:00 | E11: Germany | F11: Japan | G11: Doha | H11: QA | I11: 1 | J11: 2 | K11: b | L11: BACKTEST wc 2022
A12: wc22-e-esp-crc-20221123 | B12: FIFA World Cup 2022 | C12: Group E | D12: 2022-11-23 16:00 | E12: Spain | F12: Costa Rica | G12: Doha | H12: QA | I12: 7 | J12: 0 | K12: a | L12: BACKTEST wc 2022
A13: wc22-f-bel-can-20221123 | B13: FIFA World Cup 2022 | C13: Group F | D13: 2022-11-23 19:00 | E13: Belgium | F13: Canada | G13: Al Rayyan | H13: QA | I13: 1 | J13: 0 | K13: a | L13: BACKTEST wc 2022
... A65: wc22-fin-arg-fra-20221218 | B65: FIFA World Cup 2022 | C65: Final | D65: 2022-12-18 15:00 | E65: Argentina | F65: France | G65: Lusail | H65: QA | I65: 3 | J65: 3 | K65: draw | L65: BACKTEST wc 2022

Sheet Snapshots
A1: match_id | B1: window | C1: elo_a | D1: elo_b | E1: host_bonus | F1: altitude_m | G1: weather_factor | H1: injury_factor | I1: p_a | J1: p_draw | K1: p_b | L1: market_p_a | M1: market_p_draw | N1: market_p_b | O1: actual_a | P1: actual_draw | Q1: actual_b | R1: verdict_state | S1: verdict_side | T1: verdict_market_venue | U1: verdict_edge_pp | V1: brier_score | W1: verdict_resolved | X1: is_example
A2: wc22-a-qat-ecu-20221120 | B2: T-38 | C2: 1680 | D2: 1820 | E2: 75 | F2: 12 | G2: 1 | H2: 1 | I2: 0.301167 | J2: 0.261 | K2: 0.437833 | L2: 0.279718 | M2: 0.306787 | N2: 0.413495 | O2: 0 | P2: 0 | Q2: 0 | R2: pass | V2: =(I2-O2)^2+(J2-P2)^2+(K2-Q2)^2 | W2: =IF(B2<>"KO","",IF(R2="pick",IF(VLOOKUP(A2,'Match Universe'!A:K,11,FALSE)=S2,"hit","miss"),IF(R2="pass","n/a","n/a"))) | X2: BACKTEST wc 2022
A3: wc22-a-qat-ecu-20221120 | B3: T-5 | C3: 1680 | D3: 1820 | E3: 75 | F3: 12 | G3: 1 | H3: 1 | I3: 0.301167 | J3: 0.261 | K3: 0.437833 | L3: 0.279718 | M3: 0.306787 | N3: 0.413495 | O3: 0 | P3: 0 | Q3: 0 | R3: pass | V3: =(I3-O3)^2+(J3-P3)^2+(K3-Q3)^2 | W3: =IF(B3<>"KO","",IF(R3="pick",IF(VLOOKUP(A3,'Match Universe'!A:K,11,FALSE)=S3,"hit","miss"),IF(R3="pass","n/a","n/a"))) | X3: BACKTEST wc 2022
A4: wc22-a-qat-ecu-20221120 | B4: T-1h | C4: 1680 | D4: 1820 | E4: 75 | F4: 12 | G4: 1 | H4: 1 | I4: 0.301167 | J4: 0.261 | K4: 0.437833 | L4: 0.279718 | M4: 0.306787 | N4: 0.413495 | O4: 0 | P4: 0 | Q4: 0 | R4: pass | V4: =(I4-O4)^2+(J4-P4)^2+(K4-Q4)^2 | W4: =IF(B4<>"KO","",IF(R4="pick",IF(VLOOKUP(A4,'Match Universe'!A:K,11,FALSE)=S4,"hit","miss"),IF(R4="pass","n/a","n/a"))) | X4: BACKTEST wc 2022
A5: wc22-a-qat-ecu-20221120 | B5: KO | C5: 1680 | D5: 1820 | E5: 75 | F5: 12 | G5: 1 | H5: 1 | I5: 0.301167 | J5: 0.261 | K5: 0.437833 | L5: 0.279718 | M5: 0.306787 | N5: 0.413495 | O5: 0 | P5: 0 | Q5: 1 | R5: pass | V5: =(I5-O5)^2+(J5-P5)^2+(K5-Q5)^2 | W5: =IF(B5<>"KO","",IF(R5="pick",IF(VLOOKUP(A5,'Match Universe'!A:K,11,FALSE)=S5,"hit","miss"),IF(R5="pass","n/a","n/a"))) | X5: BACKTEST wc 2022
A6: wc22-b-eng-irn-20221121 | B6: T-38 | C6: 2020 | D6: 1818 | E6: 0 | F6: 8 | G6: 1 | H6: 1 | I6: 0.625625 | J6: 0.1788 | K6: 0.195575 | L6: 0.700943 | M6: 0.196553 | N6: 0.102504 | O6: 0 | P6: 0 | Q6: 0 | R6: pass | V6: =(I6-O6)^2+(J6-P6)^2+(K6-Q6)^2 | W6: =IF(B6<>"KO","",IF(R6="pick",IF(VLOOKUP(A6,'Match Universe'!A:K,11,FALSE)=S6,"hit","miss"),IF(R6="pass","n/a","n/a"))) | X6: BACKTEST wc 2022
A7: wc22-b-eng-irn-20221121 | B7: T-5 | C7: 2020 | D7: 1818 | E7: 0 | F7: 8 | G7: 1 | H7: 1 | I7: 0.625625 | J7: 0.1788 | K7: 0.195575 | L7: 0.700943 | M7: 0.196553 | N7: 0.102504 | O7: 0 | P7: 0 | Q7: 0 | R7: pass | V7: =(I7-O7)^2+(J7-P7)^2+(K7-Q7)^2 | W7: =IF(B7<>"KO","",IF(R7="pick",IF(VLOOKUP(A7,'Match Universe'!A:K,11,FALSE)=S7,"hit","miss"),IF(R7="pass","n/a","n/a"))) | X7: BACKTEST wc 2022
A8: wc22-b-eng-irn-20221121 | B8: T-1h | C8: 2020 | D8: 1818 | E8: 0 | F8: 8 | G8: 1 | H8: 1 | I8: 0.625625 | J8: 0.1788 | K8: 0.195575 | L8: 0.700943 | M8: 0.196553 | N8: 0.102504 | O8: 0 | P8: 0 | Q8: 0 | R8: pass | V8: =(I8-O8)^2+(J8-P8)^2+(K8-Q8)^2 | W8: =IF(B8<>"KO","",IF(R8="pick",IF(VLOOKUP(A8,'Match Universe'!A:K,11,FALSE)=S8,"hit","miss"),IF(R8="pass","n/a","n/a"))) | X8: BACKTEST wc 2022
A9: wc22-b-eng-irn-20221121 | B9: KO | C9: 2020 | D9: 1818 | E9: 0 | F9: 8 | G9: 1 | H9: 1 | I9: 0.625625 | J9: 0.1788 | K9: 0.195575 | L9: 0.700943 | M9: 0.196553 | N9: 0.102504 | O9: 1 | P9: 0 | Q9: 0 | R9: pass | V9: =(I9-O9)^2+(J9-P9)^2+(K9-Q9)^2 | W9: =IF(B9<>"KO","",IF(R9="pick",IF(VLOOKUP(A9,'Match Universe'!A:K,11,FALSE)=S9,"hit","miss"),IF(R9="pass","n/a","n/a"))) | X9: BACKTEST wc 2022
A10: wc22-a-sen-ned-20221121 | B10: T-38 | C10: 1858 | D10: 2040 | E10: 0 | F10: 2 | G10: 1 | H10: 1 | I10: 0.210126 | J10: 0.1908 | K10: 0.599074 | L10: 0.271396 | M10: 0.296839 | N10: 0.431766 | O10: 0 | P10: 0 | Q10: 0 | R10: pass | V10: =(I10-O10)^2+(J10-P10)^2+(K10-Q10)^2 | W10: =IF(B10<>"KO","",IF(R10="pick",IF(VLOOKUP(A10,'Match Universe'!A:K,11,FALSE)=S10,"hit","miss"),IF(R10="pass","n/a","n/a"))) | X10: BACKTEST wc 2022
A11: wc22-a-sen-ned-20221121 | B11: T-5 | C11: 1858 | D11: 2040 | E11: 0 | F11: 2 | G11: 1 | H11: 1 | I11: 0.210126 | J11: 0.1908 | K11: 0.599074 | L11: 0.271396 | M11: 0.296839 | N11: 0.431766 | O11: 0 | P11: 0 | Q11: 0 | R11: pass | V11: =(I11-O11)^2+(J11-P11)^2+(K11-Q11)^2 | W11: =IF(B11<>"KO","",IF(R11="pick",IF(VLOOKUP(A11,'Match Universe'!A:K,11,FALSE)=S11,"hit","miss"),IF(R11="pass","n/a","n/a"))) | X11: BACKTEST wc 2022
A12: wc22-a-sen-ned-20221121 | B12: T-1h | C12: 1858 | D12: 2040 | E12: 0 | F12: 2 | G12: 1 | H12: 1 | I12: 0.210126 | J12: 0.1908 | K12: 0.599074 | L12: 0.271396 | M12: 0.296839 | N12: 0.431766 | O12: 0 | P12: 0 | Q12: 0 | R12: pass | V12: =(I12-O12)^2+(J12-P12)^2+(K12-Q12)^2 | W12: =IF(B12<>"KO","",IF(R12="pick",IF(VLOOKUP(A12,'Match Universe'!A:K,11,FALSE)=S12,"hit","miss"),IF(R12="pass","n/a","n/a"))) | X12: BACKTEST wc 2022
A13: wc22-a-sen-ned-20221121 | B13: KO | C13: 1858 | D13: 2040 | E13: 0 | F13: 2 | G13: 1 | H13: 1 | I13: 0.210126 | J13: 0.1908 | K13: 0.599074 | L13: 0.271396 | M13: 0.296839 | N13: 0.431766 | O13: 0 | P13: 0 | Q13: 1 | R13: pass | V13: =(I13-O13)^2+(J13-P13)^2+(K13-Q13)^2 | W13: =IF(B13<>"KO","",IF(R13="pick",IF(VLOOKUP(A13,'Match Universe'!A:K,11,FALSE)=S13,"hit","miss"),IF(R13="pass","n/a","n/a"))) | X13: BACKTEST wc 2022
... A37: wc22-f-mar-cro-20221123 | B37: KO | C37: 1779 | D37: 1920 | E37: 0 | F37: 12 | G37: 1 | H37: 1 | I37: 0.241293 | J37: 0.2154 | K37: 0.543307 | L37: 0.171075 | M37: 0.298002 | N37: 0.530923 | O37: 0 | P37: 1 | Q37: 0 | R37: pass | V37: =(I37-O37)^2+(J37-P37)^2+(K37-Q37)^2 | W37: =IF(B37<>"KO","",IF(R37="pick",IF(VLOOKUP(A37,'Match Universe'!A:K,11,FALSE)=S37,"hit","miss"),IF(R37="pass","n/a","n/a"))) | X37: BACKTEST wc 2022
A38: wc22-e-ger-jpn-20221123 | B38: T-38 | C38: 1968 | D38: 1812 | E38: 0 | F38: 8 | G38: 1 | H38: 1 | I38: 0.563885 | J38: 0.2064 | K38: 0.229715 | L38: 0.662935 | M38: 0.210666 | N38: 0.1264 | O38: 0 | P38: 0 | Q38: 0 | R38: pick | S38: Japan | T38: polymarket | U38: 10.33 | V38: =(I38-O38)^2+(J38-P38)^2+(K38-Q38)^2 | W38: =IF(B38<>"KO","",IF(R38="pick",IF(VLOOKUP(A38,'Match Universe'!A:K,11,FALSE)=S38,"hit","miss"),IF(R38="pass","n/a","n/a"))) | X38: BACKTEST wc 2022
A39: wc22-e-ger-jpn-20221123 | B39: T-5 | C39: 1968 | D39: 1812 | E39: 0 | F39: 8 | G39: 1 | H39: 1 | I39: 0.563885 | J39: 0.2064 | K39: 0.229715 | L39: 0.662935 | M39: 0.210666 | N39: 0.1264 | O39: 0 | P39: 0 | Q39: 0 | R39: pick | S39: Japan | T39: polymarket | U39: 10.33 | V39: =(I39-O39)^2+(J39-P39)^2+(K39-Q39)^2 | W39: =IF(B39<>"KO","",IF(R39="pick",IF(VLOOKUP(A39,'Match Universe'!A:K,11,FALSE)=S39,"hit","miss"),IF(R39="pass","n/a","n/a"))) | X39: BACKTEST wc 2022
A40: wc22-e-ger-jpn-20221123 | B40: T-1h | C40: 1968 | D40: 1812 | E40: 0 | F40: 8 | G40: 1 | H40: 1 | I40: 0.563885 | J40: 0.2064 | K40: 0.229715 | L40: 0.662935 | M40: 0.210666 | N40: 0.1264 | O40: 0 | P40: 0 | Q40: 0 | R40: pick | S40: Japan | T40: polymarket | U40: 10.33 | V40: =(I40-O40)^2+(J40-P40)^2+(K40-Q40)^2 | W40: =IF(B40<>"KO","",IF(R40="pick",IF(VLOOKUP(A40,'Match Universe'!A:K,11,FALSE)=S40,"hit","miss"),IF(R40="pass","n/a","n/a"))) | X40: BACKTEST wc 2022
A41: wc22-e-ger-jpn-20221123 | B41: KO | C41: 1968 | D41: 1812 | E41: 0 | F41: 8 | G41: 1 | H41: 1 | I41: 0.563885 | J41: 0.2064 | K41: 0.229715 | L41: 0.662935 | M41: 0.210666 | N41: 0.1264 | O41: 0 | P41: 0 | Q41: 1 | R41: pick | S41: Japan | T41: polymarket | U41: 10.33 | V41: =(I41-O41)^2+(J41-P41)^2+(K41-Q41)^2 | W41: =IF(B41<>"KO","",IF(R41="pick",IF(VLOOKUP(A41,'Match Universe'!A:K,11,FALSE)=S41,"hit","miss"),IF(R41="pass","n/a","n/a"))) | X41: BACKTEST wc 2022
A42: wc22-e-esp-crc-20221123 | B42: T-38 | C42: 2048 | D42: 1741 | E42: 0 | F42: 8 | G42: 1 | H42: 1 | I42: 0.755207 | J42: 0.1158 | K42: 0.128993 | L42: 0.852692 | M42: 0.101425 | N42: 0.045883 | O42: 0 | P42: 0 | Q42: 0 | R42: pick | S42: Costa Rica | T42: polymarket | U42: 8.31 | V42: =(I42-O42)^2+(J42-P42)^2+(K42-Q42)^2 | W42: =IF(B42<>"KO","",IF(R42="pick",IF(VLOOKUP(A42,'Match Universe'!A:K,11,FALSE)=S42,"hit","miss"),IF(R42="pass","n/a","n/a"))) | X42: BACKTEST wc 2022
A43: wc22-e-esp-crc-20221123 | B43: T-5 | C43: 2048 | D43: 1741 | E43: 0 | F43: 8 | G43: 1 | H43: 1 | I43: 0.755207 | J43: 0.1158 | K43: 0.128993 | L43: 0.852692 | M43: 0.101425 | N43: 0.045883 | O43: 0 | P43: 0 | Q43: 0 | R43: pick | S43: Costa Rica | T43: polymarket | U43: 8.31 | V43: =(I43-O43)^2+(J43-P43)^2+(K43-Q43)^2 | W43: =IF(B43<>"KO","",IF(R43="pick",IF(VLOOKUP(A43,'Match Universe'!A:K,11,FALSE)=S43,"hit","miss"),IF(R43="pass","n/a","n/a"))) | X43: BACKTEST wc 2022
A44: wc22-e-esp-crc-20221123 | B44: T-1h | C44: 2048 | D44: 1741 | E44: 0 | F44: 8 | G44: 1 | H44: 1 | I44: 0.755207 | J44: 0.1158 | K44: 0.128993 | L44: 0.852692 | M44: 0.101425 | N44: 0.045883 | O44: 0 | P44: 0 | Q44: 0 | R44: pick | S44: Costa Rica | T44: polymarket | U44: 8.31 | V44: =(I44-O44)^2+(J44-P44)^2+(K44-Q44)^2 | W44: =IF(B44<>"KO","",IF(R44="pick",IF(VLOOKUP(A44,'Match Universe'!A:K,11,FALSE)=S44,"hit","miss"),IF(R44="pass","n/a","n/a"))) | X44: BACKTEST wc 2022
A45: wc22-e-esp-crc-20221123 | B45: KO | C45: 2048 | D45: 1741 | E45: 0 | F45: 8 | G45: 1 | H45: 1 | I45: 0.755207 | J45: 0.1158 | K45: 0.128993 | L45: 0.852692 | M45: 0.101425 | N45: 0.045883 | O45: 1 | P45: 0 | Q45: 0 | R45: pick | S45: Costa Rica | T45: polymarket | U45: 8.31 | V45: =(I45-O45)^2+(J45-P45)^2+(K45-Q45)^2 | W45: =IF(B45<>"KO","",IF(R45="pick",IF(VLOOKUP(A45,'Match Universe'!A:K,11,FALSE)=S45,"hit","miss"),IF(R45="pass","n/a","n/a"))) | X45: BACKTEST wc 2022
A46: wc22-f-bel-can-20221123 | B46: T-38 | C46: 2025 | D46: 1748 | E46: 0 | F46: 18 | G46: 1 | H46: 1 | I46: 0.720032 | J46: 0.1338 | K46: 0.146168 | L46: 0.615421 | M46: 0.235532 | N46: 0.149047 | O46: 0 | P46: 0 | Q46: 0 | R46: pass | V46: =(I46-O46)^2+(J46-P46)^2+(K46-Q46)^2 | W46: =IF(B46<>"KO","",IF(R46="pick",IF(VLOOKUP(A46,'Match Universe'!A:K,11,FALSE)=S46,"hit","miss"),IF(R46="pass","n/a","n/a"))) | X46: BACKTEST wc 2022
A47: wc22-f-bel-can-20221123 | B47: T-5 | C47: 2025 | D47: 1748 | E47: 0 | F47: 18 | G47: 1 | H47: 1 | I47: 0.720032 | J47: 0.1338 | K47: 0.146168 | L47: 0.615421 | M47: 0.235532 | N47: 0.149047 | O47: 0 | P47: 0 | Q47: 0 | R47: pass | V47: =(I47-O47)^2+(J47-P47)^2+(K47-Q47)^2 | W47: =IF(B47<>"KO","",IF(R47="pick",IF(VLOOKUP(A47,'Match Universe'!A:K,11,FALSE)=S47,"hit","miss"),IF(R47="pass","n/a","n/a"))) | X47: BACKTEST wc 2022
A48: wc22-f-bel-can-20221123 | B48: T-1h | C48: 2025 | D48: 1748 | E48: 0 | F48: 18 | G48: 1 | H48: 1 | I48: 0.720032 | J48: 0.1338 | K48: 0.146168 | L48: 0.615421 | M48: 0.235532 | N48: 0.149047 | O48: 0 | P48: 0 | Q48: 0 | R48: pass | V48: =(I48-O48)^2+(J48-P48)^2+(K48-Q48)^2 | W48: =IF(B48<>"KO","",IF(R48="pick",IF(VLOOKUP(A48,'Match Universe'!A:K,11,FALSE)=S48,"hit","miss"),IF(R48="pass","n/a","n/a"))) | X48: BACKTEST wc 2022
A49: wc22-f-bel-can-20221123 | B49: KO | C49: 2025 | D49: 1748 | E49: 0 | F49: 18 | G49: 1 | H49: 1 | I49: 0.720032 | J49: 0.1338 | K49: 0.146168 | L49: 0.615421 | M49: 0.235532 | N49: 0.149047 | O49: 1 | P49: 0 | Q49: 0 | R49: pass | V49: =(I49-O49)^2+(J49-P49)^2+(K49-Q49)^2 | W49: =IF(B49<>"KO","",IF(R49="pick",IF(VLOOKUP(A49,'Match Universe'!A:K,11,FALSE)=S49,"hit","miss"),IF(R49="pass","n/a","n/a"))) | X49: BACKTEST wc 2022
A50: wc22-g-sui-cmr-20221124 | B50: T-38 | C50: 1881 | D50: 1739 | E50: 0 | F50: 8 | G50: 1 | H50: 1 | I50: 0.544684 | J50: 0.2148 | K50: 0.240516 | L50: 0.526279 | M50: 0.279157 | N50: 0.194564 | O50: 0 | P50: 0 | Q50: 0 | R50: pass | V50: =(I50-O50)^2+(J50-P50)^2+(K50-Q50)^2 | W50: =IF(B50<>"KO","",IF(R50="pick",IF(VLOOKUP(A50,'Match Universe'!A:K,11,FALSE)=S50,"hit","miss"),IF(R50="pass","n/a","n/a"))) | X50: BACKTEST wc 2022
A51: wc22-g-sui-cmr-20221124 | B51: T-5 | C51: 1881 | D51: 1739 | E51: 0 | F51: 8 | G51: 1 | H51: 1 | I51: 0.544684 | J51: 0.2148 | K51: 0.240516 | L51: 0.526279 | M51: 0.279157 | N51: 0.194564 | O51: 0 | P51: 0 | Q51: 0 | R51: pass | V51: =(I51-O51)^2+(J51-P51)^2+(K51-Q51)^2 | W51: =IF(B51<>"KO","",IF(R51="pick",IF(VLOOKUP(A51,'Match Universe'!A:K,11,FALSE)=S51,"hit","miss"),IF(R51="pass","n/a","n/a"))) | X51: BACKTEST wc 2022
A52: wc22-g-sui-cmr-20221124 | B52: T-1h | C52: 1881 | D52: 1739 | E52: 0 | F52: 8 | G52: 1 | H52: 1 | I52: 0.544684 | J52: 0.2148 | K52: 0.240516 | L52: 0.526279 | M52: 0.279157 | N52: 0.194564 | O52: 0 | P52: 0 | Q52: 0 | R52: pass | V52: =(I52-O52)^2+(J52-P52)^2+(K52-Q52)^2 | W52: =IF(B52<>"KO","",IF(R52="pick",IF(VLOOKUP(A52,'Match Universe'!A:K,11,FALSE)=S52,"hit","miss"),IF(R52="pass","n/a","n/a"))) | X52: BACKTEST wc 2022
A53: wc22-g-sui-cmr-20221124 | B53: KO | C53: 1881 | D53: 1739 | E53: 0 | F53: 8 | G53: 1 | H53: 1 | I53: 0.544684 | J53: 0.2148 | K53: 0.240516 | L53: 0.526279 | M53: 0.279157 | N53: 0.194564 | O53: 1 | P53: 0 | Q53: 0 | R53: pass | V53: =(I53-O53)^2+(J53-P53)^2+(K53-Q53)^2 | W53: =IF(B53<>"KO","",IF(R53="pick",IF(VLOOKUP(A53,'Match Universe'!A:K,11,FALSE)=S53,"hit","miss"),IF(R53="pass","n/a","n/a"))) | X53: BACKTEST wc 2022
A54: wc22-h-uru-kor-20221124 | B54: T-38 | C54: 1909 | D54: 1786 | E54: 0 | F54: 18 | G54: 1 | H54: 1 | I54: 0.518422 | J54: 0.2262 | K54: 0.255378 | L54: 0.516971 | M54: 0.289817 | N54: 0.193211 | O54: 0 | P54: 0 | Q54: 0 | R54: pass | V54: =(I54-O54)^2+(J54-P54)^2+(K54-Q54)^2 | W54: =IF(B54<>"KO","",IF(R54="pick",IF(VLOOKUP(A54,'Match Universe'!A:K,11,FALSE)=S54,"hit","miss"),IF(R54="pass","n/a","n/a"))) | X54: BACKTEST wc 2022
A55: wc22-h-uru-kor-20221124 | B55: T-5 | C55: 1909 | D55: 1786 | E55: 0 | F55: 18 | G55: 1 | H55: 1 | I55: 0.518422 | J55: 0.2262 | K55: 0.255378 | L55: 0.516971 | M55: 0.289817 | N55: 0.193211 | O55: 0 | P55: 0 | Q55: 0 | R55: pass | V55: =(I55-O55)^2+(J55-P55)^2+(K55-Q55)^2 | W55: =IF(B55<>"KO","",IF(R55="pick",IF(VLOOKUP(A55,'Match Universe'!A:K,11,FALSE)=S55,"hit","miss"),IF(R55="pass","n/a","n/a"))) | X55: BACKTEST wc 2022
A56: wc22-h-uru-kor-20221124 | B56: T-1h | C56: 1909 | D56: 1786 | E56: 0 | F56: 18 | G56: 1 | H56: 1 | I56: 0.518422 | J56: 0.2262 | K56: 0.255378 | L56: 0.516971 | M56: 0.289817 | N56: 0.193211 | O56: 0 | P56: 0 | Q56: 0 | R56: pass | V56: =(I56-O56)^2+(J56-P56)^2+(K56-Q56)^2 | W56: =IF(B56<>"KO","",IF(R56="pick",IF(VLOOKUP(A56,'Match Universe'!A:K,11,FALSE)=S56,"hit","miss"),IF(R56="pass","n/a","n/a"))) | X56: BACKTEST wc 2022
A57: wc22-h-uru-kor-20221124 | B57: KO | C57: 1909 | D57: 1786 | E57: 0 | F57: 18 | G57: 1 | H57: 1 | I57: 0.518422 | J57: 0.2262 | K57: 0.255378 | L57: 0.516971 | M57: 0.289817 | N57: 0.193211 | O57: 0 | P57: 1 | Q57: 0 | R57: pass | V57: =(I57-O57)^2+(J57-P57)^2+(K57-Q57)^2 | W57: =IF(B57<>"KO","",IF(R57="pick",IF(VLOOKUP(A57,'Match Universe'!A:K,11,FALSE)=S57,"hit","miss"),IF(R57="pass","n/a","n/a"))) | X57: BACKTEST wc 2022
... A61: wc22-h-por-gha-20221124 | B61: KO | C61: 2040 | D61: 1685 | E61: 0 | F61: 8 | G61: 1 | H61: 1 | I61: 0.796764 | J61: 0.1 | K61: 0.103236 | L61: 0.667874 | M61: 0.217059 | N61: 0.115067 | O61: 1 | P61: 0 | Q61: 0 | R61: pass | V61: =(I61-O61)^2+(J61-P61)^2+(K61-Q61)^2 | W61: =IF(B61<>"KO","",IF(R61="pick",IF(VLOOKUP(A61,'Match Universe'!A:K,11,FALSE)=S61,"hit","miss"),IF(R61="pass","n/a","n/a"))) | X61: BACKTEST wc 2022
A62: wc22-g-bra-srb-20221124 | B62: T-38 | C62: 2169 | D62: 1804 | E62: 0 | F62: 8 | G62: 1 | H62: 1 | I62: 0.80191 | J62: 0.1 | K62: 0.09809 | L62: 0.640662 | M62: 0.224977 | N62: 0.134361 | O62: 0 | P62: 0 | Q62: 0 | R62: pick | S62: Brazil | T62: polymarket | U62: 16.12 | V62: =(I62-O62)^2+(J62-P62)^2+(K62-Q62)^2 | W62: =IF(B62<>"KO","",IF(R62="pick",IF(VLOOKUP(A62,'Match Universe'!A:K,11,FALSE)=S62,"hit","miss"),IF(R62="pass","n/a","n/a"))) | X62: BACKTEST wc 2022
A63: wc22-g-bra-srb-20221124 | B63: T-5 | C63: 2169 | D63: 1804 | E63: 0 | F63: 8 | G63: 1 | H63: 1 | I63: 0.80191 | J63: 0.1 | K63: 0.09809 | L63: 0.640662 | M63: 0.224977 | N63: 0.134361 | O63: 0 | P63: 0 | Q63: 0 | R63: pick | S63: Brazil | T63: polymarket | U63: 16.12 | V63: =(I63-O63)^2+(J63-P63)^2+(K63-Q63)^2 | W63: =IF(B63<>"KO","",IF(R63="pick",IF(VLOOKUP(A63,'Match Universe'!A:K,11,FALSE)=S63,"hit","miss"),IF(R63="pass","n/a","n/a"))) | X63: BACKTEST wc 2022
A64: wc22-g-bra-srb-20221124 | B64: T-1h | C64: 2169 | D64: 1804 | E64: 0 | F64: 8 | G64: 1 | H64: 1 | I64: 0.80191 | J64: 0.1 | K64: 0.09809 | L64: 0.640662 | M64: 0.224977 | N64: 0.134361 | O64: 0 | P64: 0 | Q64: 0 | R64: pick | S64: Brazil | T64: polymarket | U64: 16.12 | V64: =(I64-O64)^2+(J64-P64)^2+(K64-Q64)^2 | W64: =IF(B64<>"KO","",IF(R64="pick",IF(VLOOKUP(A64,'Match Universe'!A:K,11,FALSE)=S64,"hit","miss"),IF(R64="pass","n/a","n/a"))) | X64: BACKTEST wc 2022
A65: wc22-g-bra-srb-20221124 | B65: KO | C65: 2169 | D65: 1804 | E65: 0 | F65: 8 | G65: 1 | H65: 1 | I65: 0.80191 | J65: 0.1 | K65: 0.09809 | L65: 0.640662 | M65: 0.224977 | N65: 0.134361 | O65: 1 | P65: 0 | Q65: 0 | R65: pick | S65: Brazil | T65: polymarket | U65: 16.12 | V65: =(I65-O65)^2+(J65-P65)^2+(K65-Q65)^2 | W65: =IF(B65<>"KO","",IF(R65="pick",IF(VLOOKUP(A65,'Match Universe'!A:K,11,FALSE)=S65,"hit","miss"),IF(R65="pass","n/a","n/a"))) | X65: BACKTEST wc 2022
A66: wc22-b-wal-irn-20221125 | B66: T-38 | C66: 1789 | D66: 1818 | E66: 0 | F66: 18 | G66: 1 | H66: 1 | I66: 0.328829 | J66: 0.2826 | K66: 0.388571 | L66: 0.392819 | M66: 0.315543 | N66: 0.291638 | O66: 0 | P66: 0 | Q66: 0 | R66: pass | V66: =(I66-O66)^2+(J66-P66)^2+(K66-Q66)^2 | W66: =IF(B66<>"KO","",IF(R66="pick",IF(VLOOKUP(A66,'Match Universe'!A:K,11,FALSE)=S66,"hit","miss"),IF(R66="pass","n/a","n/a"))) | X66: BACKTEST wc 2022
A67: wc22-b-wal-irn-20221125 | B67: T-5 | C67: 1789 | D67: 1818 | E67: 0 | F67: 18 | G67: 1 | H67: 1 | I67: 0.328829 | J67: 0.2826 | K67: 0.388571 | L67: 0.392819 | M67: 0.315543 | N67: 0.291638 | O67: 0 | P67: 0 | Q67: 0 | R67: pass | V67: =(I67-O67)^2+(J67-P67)^2+(K67-Q67)^2 | W67: =IF(B67<>"KO","",IF(R67="pick",IF(VLOOKUP(A67,'Match Universe'!A:K,11,FALSE)=S67,"hit","miss"),IF(R67="pass","n/a","n/a"))) | X67: BACKTEST wc 2022
A68: wc22-b-wal-irn-20221125 | B68: T-1h | C68: 1789 | D68: 1818 | E68: 0 | F68: 18 | G68: 1 | H68: 1 | I68: 0.328829 | J68: 0.2826 | K68: 0.388571 | L68: 0.392819 | M68: 0.315543 | N68: 0.291638 | O68: 0 | P68: 0 | Q68: 0 | R68: pass | V68: =(I68-O68)^2+(J68-P68)^2+(K68-Q68)^2 | W68: =IF(B68<>"KO","",IF(R68="pick",IF(VLOOKUP(A68,'Match Universe'!A:K,11,FALSE)=S68,"hit","miss"),IF(R68="pass","n/a","n/a"))) | X68: BACKTEST wc 2022
A69: wc22-b-wal-irn-20221125 | B69: KO | C69: 1789 | D69: 1818 | E69: 0 | F69: 18 | G69: 1 | H69: 1 | I69: 0.328829 | J69: 0.2826 | K69: 0.388571 | L69: 0.392819 | M69: 0.315543 | N69: 0.291638 | O69: 0 | P69: 0 | Q69: 1 | R69: pass | V69: =(I69-O69)^2+(J69-P69)^2+(K69-Q69)^2 | W69: =IF(B69<>"KO","",IF(R69="pick",IF(VLOOKUP(A69,'Match Universe'!A:K,11,FALSE)=S69,"hit","miss"),IF(R69="pass","n/a","n/a"))) | X69: BACKTEST wc 2022
A70: wc22-a-qat-sen-20221125 | B70: T-38 | C70: 1680 | D70: 1858 | E70: 75 | F70: 8 | G70: 1 | H70: 1 | I70: 0.271175 | J70: 0.2382 | K70: 0.490625 | L70: 0.229002 | M70: 0.284517 | N70: 0.486481 | O70: 0 | P70: 0 | Q70: 0 | R70: pass | V70: =(I70-O70)^2+(J70-P70)^2+(K70-Q70)^2 | W70: =IF(B70<>"KO","",IF(R70="pick",IF(VLOOKUP(A70,'Match Universe'!A:K,11,FALSE)=S70,"hit","miss"),IF(R70="pass","n/a","n/a"))) | X70: BACKTEST wc 2022
A71: wc22-a-qat-sen-20221125 | B71: T-5 | C71: 1680 | D71: 1858 | E71: 75 | F71: 8 | G71: 1 | H71: 1 | I71: 0.271175 | J71: 0.2382 | K71: 0.490625 | L71: 0.229002 | M71: 0.284517 | N71: 0.486481 | O71: 0 | P71: 0 | Q71: 0 | R71: pass | V71: =(I71-O71)^2+(J71-P71)^2+(K71-Q71)^2 | W71: =IF(B71<>"KO","",IF(R71="pick",IF(VLOOKUP(A71,'Match Universe'!A:K,11,FALSE)=S71,"hit","miss"),IF(R71="pass","n/a","n/a"))) | X71: BACKTEST wc 2022
A72: wc22-a-qat-sen-20221125 | B72: T-1h | C72: 1680 | D72: 1858 | E72: 75 | F72: 8 | G72: 1 | H72: 1 | I72: 0.271175 | J72: 0.2382 | K72: 0.490625 | L72: 0.229002 | M72: 0.284517 | N72: 0.486481 | O72: 0 | P72: 0 | Q72: 0 | R72: pass | V72: =(I72-O72)^2+(J72-P72)^2+(K72-Q72)^2 | W72: =IF(B72<>"KO","",IF(R72="pick",IF(VLOOKUP(A72,'Match Universe'!A:K,11,FALSE)=S72,"hit","miss"),IF(R72="pass","n/a","n/a"))) | X72: BACKTEST wc 2022
A73: wc22-a-qat-sen-20221125 | B73: KO | C73: 1680 | D73: 1858 | E73: 75 | F73: 8 | G73: 1 | H73: 1 | I73: 0.271175 | J73: 0.2382 | K73: 0.490625 | L73: 0.229002 | M73: 0.284517 | N73: 0.486481 | O73: 0 | P73: 0 | Q73: 1 | R73: pass | V73: =(I73-O73)^2+(J73-P73)^2+(K73-Q73)^2 | W73: =IF(B73<>"KO","",IF(R73="pick",IF(VLOOKUP(A73,'Match Universe'!A:K,11,FALSE)=S73,"hit","miss"),IF(R73="pass","n/a","n/a"))) | X73: BACKTEST wc 2022
A74: wc22-a-ned-ecu-20221125 | B74: T-38 | C74: 2040 | D74: 1820 | E74: 0 | F74: 18 | G74: 1 | H74: 1 | I74: 0.649068 | J74: 0.168 | K74: 0.182932 | L74: 0.584156 | M74: 0.247318 | N74: 0.168526 | O74: 0 | P74: 0 | Q74: 0 | R74: pass | V74: =(I74-O74)^2+(J74-P74)^2+(K74-Q74)^2 | W74: =IF(B74<>"KO","",IF(R74="pick",IF(VLOOKUP(A74,'Match Universe'!A:K,11,FALSE)=S74,"hit","miss"),IF(R74="pass","n/a","n/a"))) | X74: BACKTEST wc 2022
A75: wc22-a-ned-ecu-20221125 | B75: T-5 | C75: 2040 | D75: 1820 | E75: 0 | F75: 18 | G75: 1 | H75: 1 | I75: 0.649068 | J75: 0.168 | K75: 0.182932 | L75: 0.584156 | M75: 0.247318 | N75: 0.168526 | O75: 0 | P75: 0 | Q75: 0 | R75: pass | V75: =(I75-O75)^2+(J75-P75)^2+(K75-Q75)^2 | W75: =IF(B75<>"KO","",IF(R75="pick",IF(VLOOKUP(A75,'Match Universe'!A:K,11,FALSE)=S75,"hit","miss"),IF(R75="pass","n/a","n/a"))) | X75: BACKTEST wc 2022
A76: wc22-a-ned-ecu-20221125 | B76: T-1h | C76: 2040 | D76: 1820 | E76: 0 | F76: 18 | G76: 1 | H76: 1 | I76: 0.649068 | J76: 0.168 | K76: 0.182932 | L76: 0.584156 | M76: 0.247318 | N76: 0.168526 | O76: 0 | P76: 0 | Q76: 0 | R76: pass | V76: =(I76-O76)^2+(J76-P76)^2+(K76-Q76)^2 | W76: =IF(B76<>"KO","",IF(R76="pick",IF(VLOOKUP(A76,'Match Universe'!A:K,11,FALSE)=S76,"hit","miss"),IF(R76="pass","n/a","n/a"))) | X76: BACKTEST wc 2022
A77: wc22-a-ned-ecu-20221125 | B77: KO | C77: 2040 | D77: 1820 | E77: 0 | F77: 18 | G77: 1 | H77: 1 | I77: 0.649068 | J77: 0.168 | K77: 0.182932 | L77: 0.584156 | M77: 0.247318 | N77: 0.168526 | O77: 0 | P77: 1 | Q77: 0 | R77: pass | V77: =(I77-O77)^2+(J77-P77)^2+(K77-Q77)^2 | W77: =IF(B77<>"KO","",IF(R77="pick",IF(VLOOKUP(A77,'Match Universe'!A:K,11,FALSE)=S77,"hit","miss"),IF(R77="pass","n/a","n/a"))) | X77: BACKTEST wc 2022
... A129: wc22-h-por-uru-20221128 | B129: KO | C129: 2040 | D129: 1909 | E129: 0 | F129: 8 | G129: 1 | H129: 1 | I129: 0.529503 | J129: 0.2214 | K129: 0.249097 | L129: 0.433422 | M129: 0.297978 | N129: 0.2686 | O129: 1 | P129: 0 | Q129: 0 | R129: pass | V129: =(I129-O129)^2+(J129-P129)^2+(K129-Q129)^2 | W129: =IF(B129<>"KO","",IF(R129="pick",IF(VLOOKUP(A129,'Match Universe'!A:K,11,FALSE)=S129,"hit","miss"),IF(R129="pass","n/a","n/a"))) | X129: BACKTEST wc 2022
A130: wc22-a-ned-qat-20221129 | B130: T-38 | C130: 2040 | D130: 1680 | E130: 75 | F130: 12 | G130: 1 | H130: 1 | I130: 0.729563 | J130: 0.129 | K130: 0.141437 | L130: 0.807765 | M130: 0.136166 | N130: 0.056068 | O130: 0 | P130: 0 | Q130: 0 | R130: pick | S130: Qatar | T130: polymarket | U130: 8.54 | V130: =(I130-O130)^2+(J130-P130)^2+(K130-Q130)^2 | W130: =IF(B130<>"KO","",IF(R130="pick",IF(VLOOKUP(A130,'Match Universe'!A:K,11,FALSE)=S130,"hit","miss"),IF(R130="pass","n/a","n/a"))) | X130: BACKTEST wc 2022
A131: wc22-a-ned-qat-20221129 | B131: T-5 | C131: 2040 | D131: 1680 | E131: 75 | F131: 12 | G131: 1 | H131: 1 | I131: 0.729563 | J131: 0.129 | K131: 0.141437 | L131: 0.807765 | M131: 0.136166 | N131: 0.056068 | O131: 0 | P131: 0 | Q131: 0 | R131: pick | S131: Qatar | T131: polymarket | U131: 8.54 | V131: =(I131-O131)^2+(J131-P131)^2+(K131-Q131)^2 | W131: =IF(B131<>"KO","",IF(R131="pick",IF(VLOOKUP(A131,'Match Universe'!A:K,11,FALSE)=S131,"hit","miss"),IF(R131="pass","n/a","n/a"))) | X131: BACKTEST wc 2022
A132: wc22-a-ned-qat-20221129 | B132: T-1h | C132: 2040 | D132: 1680 | E132: 75 | F132: 12 | G132: 1 | H132: 1 | I132: 0.729563 | J132: 0.129 | K132: 0.141437 | L132: 0.807765 | M132: 0.136166 | N132: 0.056068 | O132: 0 | P132: 0 | Q132: 0 | R132: pick | S132: Qatar | T132: polymarket | U132: 8.54 | V132: =(I132-O132)^2+(J132-P132)^2+(K132-Q132)^2 | W132: =IF(B132<>"KO","",IF(R132="pick",IF(VLOOKUP(A132,'Match Universe'!A:K,11,FALSE)=S132,"hit","miss"),IF(R132="pass","n/a","n/a"))) | X132: BACKTEST wc 2022
A133: wc22-a-ned-qat-20221129 | B133: KO | C133: 2040 | D133: 1680 | E133: 75 | F133: 12 | G133: 1 | H133: 1 | I133: 0.729563 | J133: 0.129 | K133: 0.141437 | L133: 0.807765 | M133: 0.136166 | N133: 0.056068 | O133: 1 | P133: 0 | Q133: 0 | R133: pick | S133: Qatar | T133: polymarket | U133: 8.54 | V133: =(I133-O133)^2+(J133-P133)^2+(K133-Q133)^2 | W133: =IF(B133<>"KO","",IF(R133="pick",IF(VLOOKUP(A133,'Match Universe'!A:K,11,FALSE)=S133,"hit","miss"),IF(R133="pass","n/a","n/a"))) | X133: BACKTEST wc 2022
A134: wc22-a-ecu-sen-20221129 | B134: T-38 | C134: 1820 | D134: 1858 | E134: 0 | F134: 8 | G134: 1 | H134: 1 | I134: 0.32203 | J134: 0.2772 | K134: 0.40077 | L134: 0.382716 | M134: 0.308642 | N134: 0.308642 | O134: 0 | P134: 0 | Q134: 0 | R134: pass | V134: =(I134-O134)^2+(J134-P134)^2+(K134-Q134)^2 | W134: =IF(B134<>"KO","",IF(R134="pick",IF(VLOOKUP(A134,'Match Universe'!A:K,11,FALSE)=S134,"hit","miss"),IF(R134="pass","n/a","n/a"))) | X134: BACKTEST wc 2022
A135: wc22-a-ecu-sen-20221129 | B135: T-5 | C135: 1820 | D135: 1858 | E135: 0 | F135: 8 | G135: 1 | H135: 1 | I135: 0.32203 | J135: 0.2772 | K135: 0.40077 | L135: 0.382716 | M135: 0.308642 | N135: 0.308642 | O135: 0 | P135: 0 | Q135: 0 | R135: pass | V135: =(I135-O135)^2+(J135-P135)^2+(K135-Q135)^2 | W135: =IF(B135<>"KO","",IF(R135="pick",IF(VLOOKUP(A135,'Match Universe'!A:K,11,FALSE)=S135,"hit","miss"),IF(R135="pass","n/a","n/a"))) | X135: BACKTEST wc 2022
A136: wc22-a-ecu-sen-20221129 | B136: T-1h | C136: 1820 | D136: 1858 | E136: 0 | F136: 8 | G136: 1 | H136: 1 | I136: 0.32203 | J136: 0.2772 | K136: 0.40077 | L136: 0.382716 | M136: 0.308642 | N136: 0.308642 | O136: 0 | P136: 0 | Q136: 0 | R136: pass | V136: =(I136-O136)^2+(J136-P136)^2+(K136-Q136)^2 | W136: =IF(B136<>"KO","",IF(R136="pick",IF(VLOOKUP(A136,'Match Universe'!A:K,11,FALSE)=S136,"hit","miss"),IF(R136="pass","n/a","n/a"))) | X136: BACKTEST wc 2022
A137: wc22-a-ecu-sen-20221129 | B137: KO | C137: 1820 | D137: 1858 | E137: 0 | F137: 8 | G137: 1 | H137: 1 | I137: 0.32203 | J137: 0.2772 | K137: 0.40077 | L137: 0.382716 | M137: 0.308642 | N137: 0.308642 | O137: 0 | P137: 0 | Q137: 1 | R137: pass | V137: =(I137-O137)^2+(J137-P137)^2+(K137-Q137)^2 | W137: =IF(B137<>"KO","",IF(R137="pick",IF(VLOOKUP(A137,'Match Universe'!A:K,11,FALSE)=S137,"hit","miss"),IF(R137="pass","n/a","n/a"))) | X137: BACKTEST wc 2022
A138: wc22-b-wal-eng-20221129 | B138: T-38 | C138: 1789 | D138: 2020 | E138: 0 | F138: 18 | G138: 1 | H138: 1 | I138: 0.175437 | J138: 0.1614 | K138: 0.663163 | L138: 0.12622 | M138: 0.225392 | N138: 0.648388 | O138: 0 | P138: 0 | Q138: 0 | R138: pass | V138: =(I138-O138)^2+(J138-P138)^2+(K138-Q138)^2 | W138: =IF(B138<>"KO","",IF(R138="pick",IF(VLOOKUP(A138,'Match Universe'!A:K,11,FALSE)=S138,"hit","miss"),IF(R138="pass","n/a","n/a"))) | X138: BACKTEST wc 2022
A139: wc22-b-wal-eng-20221129 | B139: T-5 | C139: 1789 | D139: 2020 | E139: 0 | F139: 18 | G139: 1 | H139: 1 | I139: 0.175437 | J139: 0.1614 | K139: 0.663163 | L139: 0.12622 | M139: 0.225392 | N139: 0.648388 | O139: 0 | P139: 0 | Q139: 0 | R139: pass | V139: =(I139-O139)^2+(J139-P139)^2+(K139-Q139)^2 | W139: =IF(B139<>"KO","",IF(R139="pick",IF(VLOOKUP(A139,'Match Universe'!A:K,11,FALSE)=S139,"hit","miss"),IF(R139="pass","n/a","n/a"))) | X139: BACKTEST wc 2022
A140: wc22-b-wal-eng-20221129 | B140: T-1h | C140: 1789 | D140: 2020 | E140: 0 | F140: 18 | G140: 1 | H140: 1 | I140: 0.175437 | J140: 0.1614 | K140: 0.663163 | L140: 0.12622 | M140: 0.225392 | N140: 0.648388 | O140: 0 | P140: 0 | Q140: 0 | R140: pass | V140: =(I140-O140)^2+(J140-P140)^2+(K140-Q140)^2 | W140: =IF(B140<>"KO","",IF(R140="pick",IF(VLOOKUP(A140,'Match Universe'!A:K,11,FALSE)=S140,"hit","miss"),IF(R140="pass","n/a","n/a"))) | X140: BACKTEST wc 2022
A141: wc22-b-wal-eng-20221129 | B141: KO | C141: 1789 | D141: 2020 | E141: 0 | F141: 18 | G141: 1 | H141: 1 | I141: 0.175437 | J141: 0.1614 | K141: 0.663163 | L141: 0.12622 | M141: 0.225392 | N141: 0.648388 | O141: 0 | P141: 0 | Q141: 1 | R141: pass | V141: =(I141-O141)^2+(J141-P141)^2+(K141-Q141)^2 | W141: =IF(B141<>"KO","",IF(R141="pick",IF(VLOOKUP(A141,'Match Universe'!A:K,11,FALSE)=S141,"hit","miss"),IF(R141="pass","n/a","n/a"))) | X141: BACKTEST wc 2022
A142: wc22-b-irn-usa-20221129 | B142: T-38 | C142: 1818 | D142: 1798 | E142: 0 | F142: 8 | G142: 1 | H142: 1 | I142: 0.37647 | J142: 0.288 | K142: 0.33553 | L142: 0.19413 | M142: 0.276921 | N142: 0.528949 | O142: 0 | P142: 0 | Q142: 0 | R142: pick | S142: Iran | T142: polymarket | U142: 18.23 | V142: =(I142-O142)^2+(J142-P142)^2+(K142-Q142)^2 | W142: =IF(B142<>"KO","",IF(R142="pick",IF(VLOOKUP(A142,'Match Universe'!A:K,11,FALSE)=S142,"hit","miss"),IF(R142="pass","n/a","n/a"))) | X142: BACKTEST wc 2022
A143: wc22-b-irn-usa-20221129 | B143: T-5 | C143: 1818 | D143: 1798 | E143: 0 | F143: 8 | G143: 1 | H143: 1 | I143: 0.37647 | J143: 0.288 | K143: 0.33553 | L143: 0.19413 | M143: 0.276921 | N143: 0.528949 | O143: 0 | P143: 0 | Q143: 0 | R143: pick | S143: Iran | T143: polymarket | U143: 18.23 | V143: =(I143-O143)^2+(J143-P143)^2+(K143-Q143)^2 | W143: =IF(B143<>"KO","",IF(R143="pick",IF(VLOOKUP(A143,'Match Universe'!A:K,11,FALSE)=S143,"hit","miss"),IF(R143="pass","n/a","n/a"))) | X143: BACKTEST wc 2022
A144: wc22-b-irn-usa-20221129 | B144: T-1h | C144: 1818 | D144: 1798 | E144: 0 | F144: 8 | G144: 1 | H144: 1 | I144: 0.37647 | J144: 0.288 | K144: 0.33553 | L144: 0.19413 | M144: 0.276921 | N144: 0.528949 | O144: 0 | P144: 0 | Q144: 0 | R144: pick | S144: Iran | T144: polymarket | U144: 18.23 | V144: =(I144-O144)^2+(J144-P144)^2+(K144-Q144)^2 | W144: =IF(B144<>"KO","",IF(R144="pick",IF(VLOOKUP(A144,'Match Universe'!A:K,11,FALSE)=S144,"hit","miss"),IF(R144="pass","n/a","n/a"))) | X144: BACKTEST wc 2022
A145: wc22-b-irn-usa-20221129 | B145: KO | C145: 1818 | D145: 1798 | E145: 0 | F145: 8 | G145: 1 | H145: 1 | I145: 0.37647 | J145: 0.288 | K145: 0.33553 | L145: 0.19413 | M145: 0.276921 | N145: 0.528949 | O145: 0 | P145: 0 | Q145: 1 | R145: pick | S145: Iran | T145: polymarket | U145: 18.23 | V145: =(I145-O145)^2+(J145-P145)^2+(K145-Q145)^2 | W145: =IF(B145<>"KO","",IF(R145="pick",IF(VLOOKUP(A145,'Match Universe'!A:K,11,FALSE)=S145,"hit","miss"),IF(R145="pass","n/a","n/a"))) | X145: BACKTEST wc 2022
A146: wc22-d-tun-fra-20221130 | B146: T-38 | C146: 1729 | D146: 2080 | E146: 0 | F146: 18 | G146: 1 | H146: 1 | I146: 0.105359 | J146: 0.1 | K146: 0.794641 | L146: 0.112136 | M146: 0.216627 | N146: 0.671237 | O146: 0 | P146: 0 | Q146: 0 | R146: pass | V146: =(I146-O146)^2+(J146-P146)^2+(K146-Q146)^2 | W146: =IF(B146<>"KO","",IF(R146="pick",IF(VLOOKUP(A146,'Match Universe'!A:K,11,FALSE)=S146,"hit","miss"),IF(R146="pass","n/a","n/a"))) | X146: BACKTEST wc 2022
A147: wc22-d-tun-fra-20221130 | B147: T-5 | C147: 1729 | D147: 2080 | E147: 0 | F147: 18 | G147: 1 | H147: 1 | I147: 0.105359 | J147: 0.1 | K147: 0.794641 | L147: 0.112136 | M147: 0.216627 | N147: 0.671237 | O147: 0 | P147: 0 | Q147: 0 | R147: pass | V147: =(I147-O147)^2+(J147-P147)^2+(K147-Q147)^2 | W147: =IF(B147<>"KO","",IF(R147="pick",IF(VLOOKUP(A147,'Match Universe'!A:K,11,FALSE)=S147,"hit","miss"),IF(R147="pass","n/a","n/a"))) | X147: BACKTEST wc 2022
A148: wc22-d-tun-fra-20221130 | B148: T-1h | C148: 1729 | D148: 2080 | E148: 0 | F148: 18 | G148: 1 | H148: 1 | I148: 0.105359 | J148: 0.1 | K148: 0.794641 | L148: 0.112136 | M148: 0.216627 | N148: 0.671237 | O148: 0 | P148: 0 | Q148: 0 | R148: pass | V148: =(I148-O148)^2+(J148-P148)^2+(K148-Q148)^2 | W148: =IF(B148<>"KO","",IF(R148="pick",IF(VLOOKUP(A148,'Match Universe'!A:K,11,FALSE)=S148,"hit","miss"),IF(R148="pass","n/a","n/a"))) | X148: BACKTEST wc 2022
A149: wc22-d-tun-fra-20221130 | B149: KO | C149: 1729 | D149: 2080 | E149: 0 | F149: 18 | G149: 1 | H149: 1 | I149: 0.105359 | J149: 0.1 | K149: 0.794641 | L149: 0.112136 | M149: 0.216627 | N149: 0.671237 | O149: 1 | P149: 0 | Q149: 0 | R149: pass | V149: =(I149-O149)^2+(J149-P149)^2+(K149-Q149)^2 | W149: =IF(B149<>"KO","",IF(R149="pick",IF(VLOOKUP(A149,'Match Universe'!A:K,11,FALSE)=S149,"hit","miss"),IF(R149="pass","n/a","n/a"))) | X149: BACKTEST wc 2022
A150: wc22-d-aus-den-20221130 | B150: T-38 | C150: 1720 | D150: 1915 | E150: 0 | F150: 8 | G150: 1 | H150: 1 | I150: 0.200611 | J150: 0.183 | K150: 0.616389 | L150: 0.190827 | M150: 0.289222 | N150: 0.51995 | O150: 0 | P150: 0 | Q150: 0 | R150: pass | V150: =(I150-O150)^2+(J150-P150)^2+(K150-Q150)^2 | W150: =IF(B150<>"KO","",IF(R150="pick",IF(VLOOKUP(A150,'Match Universe'!A:K,11,FALSE)=S150,"hit","miss"),IF(R150="pass","n/a","n/a"))) | X150: BACKTEST wc 2022
A151: wc22-d-aus-den-20221130 | B151: T-5 | C151: 1720 | D151: 1915 | E151: 0 | F151: 8 | G151: 1 | H151: 1 | I151: 0.200611 | J151: 0.183 | K151: 0.616389 | L151: 0.190827 | M151: 0.289222 | N151: 0.51995 | O151: 0 | P151: 0 | Q151: 0 | R151: pass | V151: =(I151-O151)^2+(J151-P151)^2+(K151-Q151)^2 | W151: =IF(B151<>"KO","",IF(R151="pick",IF(VLOOKUP(A151,'Match Universe'!A:K,11,FALSE)=S151,"hit","miss"),IF(R151="pass","n/a","n/a"))) | X151: BACKTEST wc 2022
A152: wc22-d-aus-den-20221130 | B152: T-1h | C152: 1720 | D152: 1915 | E152: 0 | F152: 8 | G152: 1 | H152: 1 | I152: 0.200611 | J152: 0.183 | K152: 0.616389 | L152: 0.190827 | M152: 0.289222 | N152: 0.51995 | O152: 0 | P152: 0 | Q152: 0 | R152: pass | V152: =(I152-O152)^2+(J152-P152)^2+(K152-Q152)^2 | W152: =IF(B152<>"KO","",IF(R152="pick",IF(VLOOKUP(A152,'Match Universe'!A:K,11,FALSE)=S152,"hit","miss"),IF(R152="pass","n/a","n/a"))) | X152: BACKTEST wc 2022
A153: wc22-d-aus-den-20221130 | B153: KO | C153: 1720 | D153: 1915 | E153: 0 | F153: 8 | G153: 1 | H153: 1 | I153: 0.200611 | J153: 0.183 | K153: 0.616389 | L153: 0.190827 | M153: 0.289222 | N153: 0.51995 | O153: 1 | P153: 0 | Q153: 0 | R153: pass | V153: =(I153-O153)^2+(J153-P153)^2+(K153-Q153)^2 | W153: =IF(B153<>"KO","",IF(R153="pick",IF(VLOOKUP(A153,'Match Universe'!A:K,11,FALSE)=S153,"hit","miss"),IF(R153="pass","n/a","n/a"))) | X153: BACKTEST wc 2022
A154: wc22-c-pol-arg-20221130 | B154: T-38 | C154: 1855 | D154: 2142 | E154: 0 | F154: 8 | G154: 1 | H154: 1 | I154: 0.140271 | J154: 0.1278 | K154: 0.731929 | L154: 0.115764 | M154: 0.215741 | N154: 0.668495 | O154: 0 | P154: 0 | Q154: 0 | R154: pass | V154: =(I154-O154)^2+(J154-P154)^2+(K154-Q154)^2 | W154: =IF(B154<>"KO","",IF(R154="pick",IF(VLOOKUP(A154,'Match Universe'!A:K,11,FALSE)=S154,"hit","miss"),IF(R154="pass","n/a","n/a"))) | X154: BACKTEST wc 2022
A155: wc22-c-pol-arg-20221130 | B155: T-5 | C155: 1855 | D155: 2142 | E155: 0 | F155: 8 | G155: 1 | H155: 1 | I155: 0.140271 | J155: 0.1278 | K155: 0.731929 | L155: 0.115764 | M155: 0.215741 | N155: 0.668495 | O155: 0 | P155: 0 | Q155: 0 | R155: pass | V155: =(I155-O155)^2+(J155-P155)^2+(K155-Q155)^2 | W155: =IF(B155<>"KO","",IF(R155="pick",IF(VLOOKUP(A155,'Match Universe'!A:K,11,FALSE)=S155,"hit","miss"),IF(R155="pass","n/a","n/a"))) | X155: BACKTEST wc 2022
A156: wc22-c-pol-arg-20221130 | B156: T-1h | C156: 1855 | D156: 2142 | E156: 0 | F156: 8 | G156: 1 | H156: 1 | I156: 0.140271 | J156: 0.1278 | K156: 0.731929 | L156: 0.115764 | M156: 0.215741 | N156: 0.668495 | O156: 0 | P156: 0 | Q156: 0 | R156: pass | V156: =(I156-O156)^2+(J156-P156)^2+(K156-Q156)^2 | W156: =IF(B156<>"KO","",IF(R156="pick",IF(VLOOKUP(A156,'Match Universe'!A:K,11,FALSE)=S156,"hit","miss"),IF(R156="pass","n/a","n/a"))) | X156: BACKTEST wc 2022
A157: wc22-c-pol-arg-20221130 | B157: KO | C157: 1855 | D157: 2142 | E157: 0 | F157: 8 | G157: 1 | H157: 1 | I157: 0.140271 | J157: 0.1278 | K157: 0.731929 | L157: 0.115764 | M157: 0.215741 | N157: 0.668495 | O157: 0 | P157: 0 | Q157: 1 | R157: pass | V157: =(I157-O157)^2+(J157-P157)^2+(K157-Q157)^2 | W157: =IF(B157<>"KO","",IF(R157="pick",IF(VLOOKUP(A157,'Match Universe'!A:K,11,FALSE)=S157,"hit","miss"),IF(R157="pass","n/a","n/a"))) | X157: BACKTEST wc 2022
... A173: wc22-e-jpn-esp-20221201 | B173: KO | C173: 1812 | D173: 2048 | E173: 0 | F173: 12 | G173: 1 | H173: 1 | I173: 0.17209 | J173: 0.1584 | K173: 0.66951 | L173: 0.138935 | M173: 0.226596 | N173: 0.634469 | O173: 1 | P173: 0 | Q173: 0 | R173: pass | V173: =(I173-O173)^2+(J173-P173)^2+(K173-Q173)^2 | W173: =IF(B173<>"KO","",IF(R173="pick",IF(VLOOKUP(A173,'Match Universe'!A:K,11,FALSE)=S173,"hit","miss"),IF(R173="pass","n/a","n/a"))) | X173: BACKTEST wc 2022
A174: wc22-e-crc-ger-20221201 | B174: T-38 | C174: 1741 | D174: 1968 | E174: 0 | F174: 12 | G174: 1 | H174: 1 | I174: 0.178141 | J174: 0.1638 | K174: 0.658059 | L174: 0.082216 | M174: 0.140941 | N174: 0.776843 | O174: 0 | P174: 0 | Q174: 0 | R174: pick | S174: Costa Rica | T174: polymarket | U174: 9.59 | V174: =(I174-O174)^2+(J174-P174)^2+(K174-Q174)^2 | W174: =IF(B174<>"KO","",IF(R174="pick",IF(VLOOKUP(A174,'Match Universe'!A:K,11,FALSE)=S174,"hit","miss"),IF(R174="pass","n/a","n/a"))) | X174: BACKTEST wc 2022
A175: wc22-e-crc-ger-20221201 | B175: T-5 | C175: 1741 | D175: 1968 | E175: 0 | F175: 12 | G175: 1 | H175: 1 | I175: 0.178141 | J175: 0.1638 | K175: 0.658059 | L175: 0.082216 | M175: 0.140941 | N175: 0.776843 | O175: 0 | P175: 0 | Q175: 0 | R175: pick | S175: Costa Rica | T175: polymarket | U175: 9.59 | V175: =(I175-O175)^2+(J175-P175)^2+(K175-Q175)^2 | W175: =IF(B175<>"KO","",IF(R175="pick",IF(VLOOKUP(A175,'Match Universe'!A:K,11,FALSE)=S175,"hit","miss"),IF(R175="pass","n/a","n/a"))) | X175: BACKTEST wc 2022
A176: wc22-e-crc-ger-20221201 | B176: T-1h | C176: 1741 | D176: 1968 | E176: 0 | F176: 12 | G176: 1 | H176: 1 | I176: 0.178141 | J176: 0.1638 | K176: 0.658059 | L176: 0.082216 | M176: 0.140941 | N176: 0.776843 | O176: 0 | P176: 0 | Q176: 0 | R176: pick | S176: Costa Rica | T176: polymarket | U176: 9.59 | V176: =(I176-O176)^2+(J176-P176)^2+(K176-Q176)^2 | W176: =IF(B176<>"KO","",IF(R176="pick",IF(VLOOKUP(A176,'Match Universe'!A:K,11,FALSE)=S176,"hit","miss"),IF(R176="pass","n/a","n/a"))) | X176: BACKTEST wc 2022
A177: wc22-e-crc-ger-20221201 | B177: KO | C177: 1741 | D177: 1968 | E177: 0 | F177: 12 | G177: 1 | H177: 1 | I177: 0.178141 | J177: 0.1638 | K177: 0.658059 | L177: 0.082216 | M177: 0.140941 | N177: 0.776843 | O177: 0 | P177: 0 | Q177: 1 | R177: pick | S177: Costa Rica | T177: polymarket | U177: 9.59 | V177: =(I177-O177)^2+(J177-P177)^2+(K177-Q177)^2 | W177: =IF(B177<>"KO","",IF(R177="pick",IF(VLOOKUP(A177,'Match Universe'!A:K,11,FALSE)=S177,"hit","miss"),IF(R177="pass","n/a","n/a"))) | X177: BACKTEST wc 2022
A178: wc22-h-kor-por-20221202 | B178: T-38 | C178: 1786 | D178: 2040 | E178: 0 | F178: 8 | G178: 1 | H178: 1 | I178: 0.160371 | J178: 0.1476 | K178: 0.692029 | L178: 0.177107 | M178: 0.273251 | N178: 0.549642 | O178: 0 | P178: 0 | Q178: 0 | R178: pass | V178: =(I178-O178)^2+(J178-P178)^2+(K178-Q178)^2 | W178: =IF(B178<>"KO","",IF(R178="pick",IF(VLOOKUP(A178,'Match Universe'!A:K,11,FALSE)=S178,"hit","miss"),IF(R178="pass","n/a","n/a"))) | X178: BACKTEST wc 2022
A179: wc22-h-kor-por-20221202 | B179: T-5 | C179: 1786 | D179: 2040 | E179: 0 | F179: 8 | G179: 1 | H179: 1 | I179: 0.160371 | J179: 0.1476 | K179: 0.692029 | L179: 0.177107 | M179: 0.273251 | N179: 0.549642 | O179: 0 | P179: 0 | Q179: 0 | R179: pass | V179: =(I179-O179)^2+(J179-P179)^2+(K179-Q179)^2 | W179: =IF(B179<>"KO","",IF(R179="pick",IF(VLOOKUP(A179,'Match Universe'!A:K,11,FALSE)=S179,"hit","miss"),IF(R179="pass","n/a","n/a"))) | X179: BACKTEST wc 2022
A180: wc22-h-kor-por-20221202 | B180: T-1h | C180: 1786 | D180: 2040 | E180: 0 | F180: 8 | G180: 1 | H180: 1 | I180: 0.160371 | J180: 0.1476 | K180: 0.692029 | L180: 0.177107 | M180: 0.273251 | N180: 0.549642 | O180: 0 | P180: 0 | Q180: 0 | R180: pass | V180: =(I180-O180)^2+(J180-P180)^2+(K180-Q180)^2 | W180: =IF(B180<>"KO","",IF(R180="pick",IF(VLOOKUP(A180,'Match Universe'!A:K,11,FALSE)=S180,"hit","miss"),IF(R180="pass","n/a","n/a"))) | X180: BACKTEST wc 2022
A181: wc22-h-kor-por-20221202 | B181: KO | C181: 1786 | D181: 2040 | E181: 0 | F181: 8 | G181: 1 | H181: 1 | I181: 0.160371 | J181: 0.1476 | K181: 0.692029 | L181: 0.177107 | M181: 0.273251 | N181: 0.549642 | O181: 1 | P181: 0 | Q181: 0 | R181: pass | V181: =(I181-O181)^2+(J181-P181)^2+(K181-Q181)^2 | W181: =IF(B181<>"KO","",IF(R181="pick",IF(VLOOKUP(A181,'Match Universe'!A:K,11,FALSE)=S181,"hit","miss"),IF(R181="pass","n/a","n/a"))) | X181: BACKTEST wc 2022
A182: wc22-h-gha-uru-20221202 | B182: T-38 | C182: 1685 | D182: 1909 | E182: 0 | F182: 8 | G182: 1 | H182: 1 | I182: 0.180186 | J182: 0.1656 | K182: 0.654214 | L182: 0.166223 | M182: 0.29215 | N182: 0.541627 | O182: 0 | P182: 0 | Q182: 0 | R182: pass | V182: =(I182-O182)^2+(J182-P182)^2+(K182-Q182)^2 | W182: =IF(B182<>"KO","",IF(R182="pick",IF(VLOOKUP(A182,'Match Universe'!A:K,11,FALSE)=S182,"hit","miss"),IF(R182="pass","n/a","n/a"))) | X182: BACKTEST wc 2022
A183: wc22-h-gha-uru-20221202 | B183: T-5 | C183: 1685 | D183: 1909 | E183: 0 | F183: 8 | G183: 1 | H183: 1 | I183: 0.180186 | J183: 0.1656 | K183: 0.654214 | L183: 0.166223 | M183: 0.29215 | N183: 0.541627 | O183: 0 | P183: 0 | Q183: 0 | R183: pass | V183: =(I183-O183)^2+(J183-P183)^2+(K183-Q183)^2 | W183: =IF(B183<>"KO","",IF(R183="pick",IF(VLOOKUP(A183,'Match Universe'!A:K,11,FALSE)=S183,"hit","miss"),IF(R183="pass","n/a","n/a"))) | X183: BACKTEST wc 2022
A184: wc22-h-gha-uru-20221202 | B184: T-1h | C184: 1685 | D184: 1909 | E184: 0 | F184: 8 | G184: 1 | H184: 1 | I184: 0.180186 | J184: 0.1656 | K184: 0.654214 | L184: 0.166223 | M184: 0.29215 | N184: 0.541627 | O184: 0 | P184: 0 | Q184: 0 | R184: pass | V184: =(I184-O184)^2+(J184-P184)^2+(K184-Q184)^2 | W184: =IF(B184<>"KO","",IF(R184="pick",IF(VLOOKUP(A184,'Match Universe'!A:K,11,FALSE)=S184,"hit","miss"),IF(R184="pass","n/a","n/a"))) | X184: BACKTEST wc 2022
A185: wc22-h-gha-uru-20221202 | B185: KO | C185: 1685 | D185: 1909 | E185: 0 | F185: 8 | G185: 1 | H185: 1 | I185: 0.180186 | J185: 0.1656 | K185: 0.654214 | L185: 0.166223 | M185: 0.29215 | N185: 0.541627 | O185: 0 | P185: 0 | Q185: 1 | R185: pass | V185: =(I185-O185)^2+(J185-P185)^2+(K185-Q185)^2 | W185: =IF(B185<>"KO","",IF(R185="pick",IF(VLOOKUP(A185,'Match Universe'!A:K,11,FALSE)=S185,"hit","miss"),IF(R185="pass","n/a","n/a"))) | X185: BACKTEST wc 2022
A186: wc22-g-cmr-bra-20221202 | B186: T-38 | C186: 1739 | D186: 2169 | E186: 0 | F186: 8 | G186: 1 | H186: 1 | I186: 0.069849 | J186: 0.1 | K186: 0.830151 | L186: 0.078305 | M186: 0.168761 | N186: 0.752934 | O186: 0 | P186: 0 | Q186: 0 | R186: pass | V186: =(I186-O186)^2+(J186-P186)^2+(K186-Q186)^2 | W186: =IF(B186<>"KO","",IF(R186="pick",IF(VLOOKUP(A186,'Match Universe'!A:K,11,FALSE)=S186,"hit","miss"),IF(R186="pass","n/a","n/a"))) | X186: BACKTEST wc 2022
A187: wc22-g-cmr-bra-20221202 | B187: T-5 | C187: 1739 | D187: 2169 | E187: 0 | F187: 8 | G187: 1 | H187: 1 | I187: 0.069849 | J187: 0.1 | K187: 0.830151 | L187: 0.078305 | M187: 0.168761 | N187: 0.752934 | O187: 0 | P187: 0 | Q187: 0 | R187: pass | V187: =(I187-O187)^2+(J187-P187)^2+(K187-Q187)^2 | W187: =IF(B187<>"KO","",IF(R187="pick",IF(VLOOKUP(A187,'Match Universe'!A:K,11,FALSE)=S187,"hit","miss"),IF(R187="pass","n/a","n/a"))) | X187: BACKTEST wc 2022
A188: wc22-g-cmr-bra-20221202 | B188: T-1h | C188: 1739 | D188: 2169 | E188: 0 | F188: 8 | G188: 1 | H188: 1 | I188: 0.069849 | J188: 0.1 | K188: 0.830151 | L188: 0.078305 | M188: 0.168761 | N188: 0.752934 | O188: 0 | P188: 0 | Q188: 0 | R188: pass | V188: =(I188-O188)^2+(J188-P188)^2+(K188-Q188)^2 | W188: =IF(B188<>"KO","",IF(R188="pick",IF(VLOOKUP(A188,'Match Universe'!A:K,11,FALSE)=S188,"hit","miss"),IF(R188="pass","n/a","n/a"))) | X188: BACKTEST wc 2022
A189: wc22-g-cmr-bra-20221202 | B189: KO | C189: 1739 | D189: 2169 | E189: 0 | F189: 8 | G189: 1 | H189: 1 | I189: 0.069849 | J189: 0.1 | K189: 0.830151 | L189: 0.078305 | M189: 0.168761 | N189: 0.752934 | O189: 1 | P189: 0 | Q189: 0 | R189: pass | V189: =(I189-O189)^2+(J189-P189)^2+(K189-Q189)^2 | W189: =IF(B189<>"KO","",IF(R189="pick",IF(VLOOKUP(A189,'Match Universe'!A:K,11,FALSE)=S189,"hit","miss"),IF(R189="pass","n/a","n/a"))) | X189: BACKTEST wc 2022
... A197: wc22-r16-ned-usa-20221203 | B197: KO | C197: 2040 | D197: 1798 | E197: 0 | F197: 18 | G197: 1 | H197: 1 | I197: 0.677074 | J197: 0.1548 | K197: 0.168126 | L197: 0.51492 | M197: 0.288667 | N197: 0.196413 | O197: 1 | P197: 0 | Q197: 0 | R197: pass | V197: =(I197-O197)^2+(J197-P197)^2+(K197-Q197)^2 | W197: =IF(B197<>"KO","",IF(R197="pick",IF(VLOOKUP(A197,'Match Universe'!A:K,11,FALSE)=S197,"hit","miss"),IF(R197="pass","n/a","n/a"))) | X197: BACKTEST wc 2022
A198: wc22-r16-arg-aus-20221203 | B198: T-38 | C198: 2142 | D198: 1720 | E198: 0 | F198: 18 | G198: 1 | H198: 1 | I198: 0.827126 | J198: 0.1 | K198: 0.072874 | L198: 0.738255 | M198: 0.174497 | N198: 0.087248 | O198: 0 | P198: 0 | Q198: 0 | R198: pick | S198: Argentina | T198: polymarket | U198: 8.89 | V198: =(I198-O198)^2+(J198-P198)^2+(K198-Q198)^2 | W198: =IF(B198<>"KO","",IF(R198="pick",IF(VLOOKUP(A198,'Match Universe'!A:K,11,FALSE)=S198,"hit","miss"),IF(R198="pass","n/a","n/a"))) | X198: BACKTEST wc 2022
A199: wc22-r16-arg-aus-20221203 | B199: T-5 | C199: 2142 | D199: 1720 | E199: 0 | F199: 18 | G199: 1 | H199: 1 | I199: 0.827126 | J199: 0.1 | K199: 0.072874 | L199: 0.738255 | M199: 0.174497 | N199: 0.087248 | O199: 0 | P199: 0 | Q199: 0 | R199: pick | S199: Argentina | T199: polymarket | U199: 8.89 | V199: =(I199-O199)^2+(J199-P199)^2+(K199-Q199)^2 | W199: =IF(B199<>"KO","",IF(R199="pick",IF(VLOOKUP(A199,'Match Universe'!A:K,11,FALSE)=S199,"hit","miss"),IF(R199="pass","n/a","n/a"))) | X199: BACKTEST wc 2022
...

Sheet Calibration
A1: bin_label | B1: bin_low | C1: bin_high | D1: n_predictions | E1: sum_observed | F1: predicted_rate | G1: observed_rate | H1: calibration_error
A2: 0–10% | B2: 0 | C2: 0.1 | D2: =SUMPRODUCT((Snapshots!I2:I100>=B2)*(Snapshots!I2:I100<C2)*(Snapshots!B2:B100="KO"))+SUMPRODUCT((Snapshots!J2:J100>=B2)*(Snapshots!J2:J100<C2)*(Snapshots!B2:B100="KO"))+SUMPRODUCT((Snapshots!K2:K100>=B2)*(Snapshots!K2:K100<C2)*(Snapshots!B2:B100="KO")) | E2: =SUMPRODUCT((Snapshots!I2:I100>=B2)*(Snapshots!I2:I100<C2)*(Snapshots!B2:B100="KO")*Snapshots!O2:O100)+SUMPRODUCT((Snapshots!J2:J100>=B2)*(Snapshots!J2:J100<C2)*(Snapshots!B2:B100="KO")*Snapshots!P2:P100)+SUMPRODUCT((Snapshots!K2:K100>=B2)*(Snapshots!K2:K100<C2)*(Snapshots!B2:B100="KO")*Snapshots!Q2:Q100) | F2: =(B2+C2)/2 | G2: =IF(D2=0,"",E2/D2) | H2: =IF(D2=0,"",F2-G2)
A3: 10–20% | B3: 0.1 | C3: 0.2 | D3: =SUMPRODUCT((Snapshots!I2:I100>=B3)*(Snapshots!I2:I100<C3)*(Snapshots!B2:B100="KO"))+SUMPRODUCT((Snapshots!J2:J100>=B3)*(Snapshots!J2:J100<C3)*(Snapshots!B2:B100="KO"))+SUMPRODUCT((Snapshots!K2:K100>=B3)*(Snapshots!K2:K100<C3)*(Snapshots!B2:B100="KO")) | E3: =SUMPRODUCT((Snapshots!I2:I100>=B3)*(Snapshots!I2:I100<C3)*(Snapshots!B2:B100="KO")*Snapshots!O2:O100)+SUMPRODUCT((Snapshots!J2:J100>=B3)*(Snapshots!J2:J100<C3)*(Snapshots!B2:B100="KO")*Snapshots!P2:P100)+SUMPRODUCT((Snapshots!K2:K100>=B3)*(Snapshots!K2:K100<C3)*(Snapshots!B2:B100="KO")*Snapshots!Q2:Q100) | F3: =(B3+C3)/2 | G3: =IF(D3=0,"",E3/D3) | H3: =IF(D3=0,"",F3-G3)
A4: 20–30% | B4: 0.2 | C4: 0.3 | D4: =SUMPRODUCT((Snapshots!I2:I100>=B4)*(Snapshots!I2:I100<C4)*(Snapshots!B2:B100="KO"))+SUMPRODUCT((Snapshots!J2:J100>=B4)*(Snapshots!J2:J100<C4)*(Snapshots!B2:B100="KO"))+SUMPRODUCT((Snapshots!K2:K100>=B4)*(Snapshots!K2:K100<C4)*(Snapshots!B2:B100="KO")) | E4: =SUMPRODUCT((Snapshots!I2:I100>=B4)*(Snapshots!I2:I100<C4)*(Snapshots!B2:B100="KO")*Snapshots!O2:O100)+SUMPRODUCT((Snapshots!J2:J100>=B4)*(Snapshots!J2:J100<C4)*(Snapshots!B2:B100="KO")*Snapshots!P2:P100)+SUMPRODUCT((Snapshots!K2:K100>=B4)*(Snapshots!K2:K100<C4)*(Snapshots!B2:B100="KO")*Snapshots!Q2:Q100) | F4: =(B4+C4)/2 | G4: =IF(D4=0,"",E4/D4) | H4: =IF(D4=0,"",F4-G4)
A5: 30–40% | B5: 0.3 | C5: 0.4 | D5: =SUMPRODUCT((Snapshots!I2:I100>=B5)*(Snapshots!I2:I100<C5)*(Snapshots!B2:B100="KO"))+SUMPRODUCT((Snapshots!J2:J100>=B5)*(Snapshots!J2:J100<C5)*(Snapshots!B2:B100="KO"))+SUMPRODUCT((Snapshots!K2:K100>=B5)*(Snapshots!K2:K100<C5)*(Snapshots!B2:B100="KO")) | E5: =SUMPRODUCT((Snapshots!I2:I100>=B5)*(Snapshots!I2:I100<C5)*(Snapshots!B2:B100="KO")*Snapshots!O2:O100)+SUMPRODUCT((Snapshots!J2:J100>=B5)*(Snapshots!J2:J100<C5)*(Snapshots!B2:B100="KO")*Snapshots!P2:P100)+SUMPRODUCT((Snapshots!K2:K100>=B5)*(Snapshots!K2:K100<C5)*(Snapshots!B2:B100="KO")*Snapshots!Q2:Q100) | F5: =(B5+C5)/2 | G5: =IF(D5=0,"",E5/D5) | H5: =IF(D5=0,"",F5-G5)
A6: 40–50% | B6: 0.4 | C6: 0.5 | D6: =SUMPRODUCT((Snapshots!I2:I100>=B6)*(Snapshots!I2:I100<C6)*(Snapshots!B2:B100="KO"))+SUMPRODUCT((Snapshots!J2:J100>=B6)*(Snapshots!J2:J100<C6)*(Snapshots!B2:B100="KO"))+SUMPRODUCT((Snapshots!K2:K100>=B6)*(Snapshots!K2:K100<C6)*(Snapshots!B2:B100="KO")) | E6: =SUMPRODUCT((Snapshots!I2:I100>=B6)*(Snapshots!I2:I100<C6)*(Snapshots!B2:B100="KO")*Snapshots!O2:O100)+SUMPRODUCT((Snapshots!J2:J100>=B6)*(Snapshots!J2:J100<C6)*(Snapshots!B2:B100="KO")*Snapshots!P2:P100)+SUMPRODUCT((Snapshots!K2:K100>=B6)*(Snapshots!K2:K100<C6)*(Snapshots!B2:B100="KO")*Snapshots!Q2:Q100) | F6: =(B6+C6)/2 | G6: =IF(D6=0,"",E6/D6) | H6: =IF(D6=0,"",F6-G6)
A7: 50–60% | B7: 0.5 | C7: 0.6 | D7: =SUMPRODUCT((Snapshots!I2:I100>=B7)*(Snapshots!I2:I100<C7)*(Snapshots!B2:B100="KO"))+SUMPRODUCT((Snapshots!J2:J100>=B7)*(Snapshots!J2:J100<C7)*(Snapshots!B2:B100="KO"))+SUMPRODUCT((Snapshots!K2:K100>=B7)*(Snapshots!K2:K100<C7)*(Snapshots!B2:B100="KO")) | E7: =SUMPRODUCT((Snapshots!I2:I100>=B7)*(Snapshots!I2:I100<C7)*(Snapshots!B2:B100="KO")*Snapshots!O2:O100)+SUMPRODUCT((Snapshots!J2:J100>=B7)*(Snapshots!J2:J100<C7)*(Snapshots!B2:B100="KO")*Snapshots!P2:P100)+SUMPRODUCT((Snapshots!K2:K100>=B7)*(Snapshots!K2:K100<C7)*(Snapshots!B2:B100="KO")*Snapshots!Q2:Q100) | F7: =(B7+C7)/2 | G7: =IF(D7=0,"",E7/D7) | H7: =IF(D7=0,"",F7-G7)
A8: 60–70% | B8: 0.6 | C8: 0.7 | D8: =SUMPRODUCT((Snapshots!I2:I100>=B8)*(Snapshots!I2:I100<C8)*(Snapshots!B2:B100="KO"))+SUMPRODUCT((Snapshots!J2:J100>=B8)*(Snapshots!J2:J100<C8)*(Snapshots!B2:B100="KO"))+SUMPRODUCT((Snapshots!K2:K100>=B8)*(Snapshots!K2:K100<C8)*(Snapshots!B2:B100="KO")) | E8: =SUMPRODUCT((Snapshots!I2:I100>=B8)*(Snapshots!I2:I100<C8)*(Snapshots!B2:B100="KO")*Snapshots!O2:O100)+SUMPRODUCT((Snapshots!J2:J100>=B8)*(Snapshots!J2:J100<C8)*(Snapshots!B2:B100="KO")*Snapshots!P2:P100)+SUMPRODUCT((Snapshots!K2:K100>=B8)*(Snapshots!K2:K100<C8)*(Snapshots!B2:B100="KO")*Snapshots!Q2:Q100) | F8: =(B8+C8)/2 | G8: =IF(D8=0,"",E8/D8) | H8: =IF(D8=0,"",F8-G8)
A9: 70–80% | B9: 0.7 | C9: 0.8 | D9: =SUMPRODUCT((Snapshots!I2:I100>=B9)*(Snapshots!I2:I100<C9)*(Snapshots!B2:B100="KO"))+SUMPRODUCT((Snapshots!J2:J100>=B9)*(Snapshots!J2:J100<C9)*(Snapshots!B2:B100="KO"))+SUMPRODUCT((Snapshots!K2:K100>=B9)*(Snapshots!K2:K100<C9)*(Snapshots!B2:B100="KO")) | E9: =SUMPRODUCT((Snapshots!I2:I100>=B9)*(Snapshots!I2:I100<C9)*(Snapshots!B2:B100="KO")*Snapshots!O2:O100)+SUMPRODUCT((Snapshots!J2:J100>=B9)*(Snapshots!J2:J100<C9)*(Snapshots!B2:B100="KO")*Snapshots!P2:P100)+SUMPRODUCT((Snapshots!K2:K100>=B9)*(Snapshots!K2:K100<C9)*(Snapshots!B2:B100="KO")*Snapshots!Q2:Q100) | F9: =(B9+C9)/2 | G9: =IF(D9=0,"",E9/D9) | H9: =IF(D9=0,"",F9-G9)
A10: 80–90% | B10: 0.8 | C10: 0.9 | D10: =SUMPRODUCT((Snapshots!I2:I100>=B10)*(Snapshots!I2:I100<C10)*(Snapshots!B2:B100="KO"))+SUMPRODUCT((Snapshots!J2:J100>=B10)*(Snapshots!J2:J100<C10)*(Snapshots!B2:B100="KO"))+SUMPRODUCT((Snapshots!K2:K100>=B10)*(Snapshots!K2:K100<C10)*(Snapshots!B2:B100="KO")) | E10: =SUMPRODUCT((Snapshots!I2:I100>=B10)*(Snapshots!I2:I100<C10)*(Snapshots!B2:B100="KO")*Snapshots!O2:O100)+SUMPRODUCT((Snapshots!J2:J100>=B10)*(Snapshots!J2:J100<C10)*(Snapshots!B2:B100="KO")*Snapshots!P2:P100)+SUMPRODUCT((Snapshots!K2:K100>=B10)*(Snapshots!K2:K100<C10)*(Snapshots!B2:B100="KO")*Snapshots!Q2:Q100) | F10: =(B10+C10)/2 | G10: =IF(D10=0,"",E10/D10) | H10: =IF(D10=0,"",F10-G10)
A11: 90–100% | B11: 0.9 | C11: 1 | D11: =SUMPRODUCT((Snapshots!I2:I100>=B11)*(Snapshots!I2:I100<C11)*(Snapshots!B2:B100="KO"))+SUMPRODUCT((Snapshots!J2:J100>=B11)*(Snapshots!J2:J100<C11)*(Snapshots!B2:B100="KO"))+SUMPRODUCT((Snapshots!K2:K100>=B11)*(Snapshots!K2:K100<C11)*(Snapshots!B2:B100="KO")) | E11: =SUMPRODUCT((Snapshots!I2:I100>=B11)*(Snapshots!I2:I100<C11)*(Snapshots!B2:B100="KO")*Snapshots!O2:O100)+SUMPRODUCT((Snapshots!J2:J100>=B11)*(Snapshots!J2:J100<C11)*(Snapshots!B2:B100="KO")*Snapshots!P2:P100)+SUMPRODUCT((Snapshots!K2:K100>=B11)*(Snapshots!K2:K100<C11)*(Snapshots!B2:B100="KO")*Snapshots!Q2:Q100) | F11: =(B11+C11)/2 | G11: =IF(D11=0,"",E11/D11) | H11: =IF(D11=0,"",F11-G11)
A13: Reliability bins: each (probability, outcome) pair from a KO snapshot contributes one data point. Each snapshot supplies three pairs (team_a, draw, team_b). A perfectly calibrated model has observed_rate ≈ predicted_rate in every bin (calibration_error ≈ 0).

Sheet Metrics
A1: DESK BACKTEST — METRICS SUMMARY
A3: Headline numbers (KO snapshots only)
A4: Total KO snapshots in scope | B4: =SUMPRODUCT((Snapshots!B2:B100="KO")*1)
A5: Mean Brier score (model) | B5: =AVERAGEIFS(Snapshots!V2:V100,Snapshots!B2:B100,"KO")
A7: Verdict mix (KO snapshots only)
A8: Picks issued | B8: =COUNTIFS(Snapshots!R2:R100,"pick",Snapshots!B2:B100,"KO")
A9: Passes issued | B9: =COUNTIFS(Snapshots!R2:R100,"pass",Snapshots!B2:B100,"KO")
A10: Avoids issued | B10: =COUNTIFS(Snapshots!R2:R100,"avoid",Snapshots!B2:B100,"KO")
A12: Edge analysis (Pick verdicts only)
A13: Mean edge_pp on Picks | B13: =AVERAGEIFS(Snapshots!U2:U100,Snapshots!R2:R100,"pick",Snapshots!B2:B100,"KO")
A14: Largest single edge_pp | B14: =IFERROR(aggregate(14,6,Snapshots!U2:U100/((Snapshots!R2:R100="pick")*(Snapshots!B2:B100="KO")),1),"")
A16: Pick resolution (manual review required)
A17: Picks marked 'manual' for review | B17: =COUNTIFS(Snapshots!W2:W100,"manual")
A18: Picks resolved as hits | B18: =COUNTIFS(Snapshots!W2:W100,"hit")
A19: Picks resolved as misses | B19: =COUNTIFS(Snapshots!W2:W100,"miss")
A20: Pick hit rate (sanity check, not headline) | B20: =IF(COUNTIFS(Snapshots!W2:W100,"hit")+COUNTIFS(Snapshots!W2:W100,"miss")=0,"",COUNTIFS(Snapshots!W2:W100,"hit")/(COUNTIFS(Snapshots!W2:W100,"hit")+COUNTIFS(Snapshots!W2:W100,"miss")))
A22: Calibration headline
A23: Mean absolute calibration error | B23: =IFERROR(AVERAGEIFS(Calibration!H2:H11,Calibration!D2:D11,">0"),"")
A25: Closing-market baseline (to compute when populated)
A26: Mean Brier score (market) | C26: Compute as AVERAGEIFS over (market_p_a-actual_a)^2+... once market columns are filled. The Desk wins if model.brier < market.brier.
A28: Headline read order: 1) calibration error (lower = more honest), 2) Brier vs market baseline (lower = better), 3) edge magnitude on Picks (sanity), 4) Pick hit rate (sanity only — never the headline number).

Sheet Open Questions
A1: # | B1: Question | C1: Why it matters | D1: Status
A2: 1 | B2: Source of historical Elo at each time window | C2: eloratings.net is JS-rendered (rejected for live use). Wikipedia data module has historical snapshots — confirm coverage at T-38d back to 2022. → DECISION: Wikipedia data module — confirmed source for historical Elo at all time windows. | D2: LOCKED
A3: 2 | B3: Closing-market baseline source | C3: Kalshi/Polymarket weren't liquid for WC 2022. Use Pinnacle / Betfair Exchange archives as the baseline. Pinnacle is the gold standard. → DECISION: Pinnacle archives + Betfair Exchange where Pinnacle missing — gold-standard closing-line baseline. | D3: LOCKED
A4: 3 | B4: Injury / availability reconstruction | C4: Hardest piece. Either (a) skip late-binding adjustments in the backtest (T-1h = same as T-3d), (b) hand-code injuries for 5-10 marquee matches, (c) scrape archive.org for ESPN/BBC team news pages by date. → DECISION: Option C: scrape archive.org snapshots of ESPN/BBC team-news pages by date. Hand-code marquee matches as fallback. | D4: LOCKED
A5: 4 | B5: Verdict resolution rules at KO | C5: Pick = correct if verdict.side actually won in 90 min. Pass / Avoid = unresolved by definition (no action). Confirm. → DECISION: Confirmed: Pick = correct iff verdict.side actually won in 90 min. Pass / Avoid = unresolved (no action taken). | D5: LOCKED
A6: 5 | B6: Pick threshold (edge_pp) for the backtest | C6: v1 design says ~1pp = Pass, but the live Pick threshold isn't yet locked. The backtest will be sensitive to this — run sweeps at 2/3/5pp. → DECISION: Pick threshold = 3pp default; sensitivity sweep at 2pp and 5pp. Below 2pp is noise; 3pp filters marginal edges. | D6: LOCKED
A7: 6 | B7: Calibration binning strategy | C7: Current scaffold uses 10% bins. Consider isotonic-regression smoothing for the diagram. With ~150 matches × 3 outcomes = ~450 data points, 10 bins is appropriate. → DECISION: 10% bins (0–10%, 10–20%, …, 90–100%). With 441 data points, ~44 per bin. Isotonic smoothing is v2. | D7: LOCKED
A8: 7 | B8: Penalty-shootout handling | C8: Argentina-France 2022 went to pens. The 1X2 model is 90-min only. Confirm this convention is honest — and that we're not silently scoring penalty wins as 90-min wins. → DECISION: 90-minute outcomes only. Penalty-shootout winners do NOT count as 90-min winners. Already-decided. | D8: LOCKED
A9: 8 | B9: Tournament-specific Elo rebase | C9: International Elo doesn't carry over cleanly between tournaments. Decide whether to use pre-tournament snapshots only or rolling Elo. → DECISION: Pre-tournament Elo snapshot only. Freeze each team's Elo the day before the tournament; don't update during. Rolling Elo is v2. | D9: LOCKED
A10: 9 | B10: Backtest deliverable format | C10: Output target: a /track-record page with reliability diagram + selected commentary. Decide whether to publish raw match-by-match table or a curated narrative + summary stats. → DECISION: HTML dashboard at desk_backtest_dashboard.html. Embeds reliability diagram + KPIs + match table. Foundation for /track-record page. | D10: LOCKED
A12: All open questions resolved 2026-05-08. Workbook is ready to populate with real data once Wikipedia Elo / Pinnacle archive / archive.org news pipeline is in place.
